link,name,price,sales,stars,rec_proc,review_num,OS,RAM,ROM,diag,bat,cam
https://www.joom.ru/ru/products/66b1ed4d9d659d0148384495,"VIVO X100 Ultra 5G Смартфон 6,78 дюйма AMOLED изогнутый э… Ещё",99 888 ₽,,,,,Android 14,12 ГБ,256 ГБ,"6,78""",5 500 мА·ч,
https://www.joom.ru/ru/products/66b331016076a0019cd7ee3c,Версия CN Xiaomi 14 Ultra 5G Смартфон 6.73 дюйма 2K AMOLED 120 Гц Эк… Ещё,95 103 ₽,,,,,Android 14,12 ГБ,256 ГБ,"6,73""",5 300 мА·ч,
https://www.joom.ru/ru/products/66b2db8e163a530195fd85ae,OPPO Найти N3 Flip 5G Smartphone Dimensity 9200,87 747 ₽,,,,,Android 13,12 ГБ,256 ГБ,"6,8""",5 000 мА·ч,
https://www.joom.ru/ru/products/66d14582603ee1019cce2a4c,NUBIA Смартфон REDMAGIC 9S Pro 5G,92 176 ₽,,,,,Android 14.0,16 ГБ,512 ГБ,"6,8""",6 500 мА·ч,
https://www.joom.ru/ru/products/66b2e3016076a0019cd1d3a1,"OPPO Найти X7 Ultra 5G Смартфон 6,78 дюйма Snapdragon 8 Gen 3",89 438 ₽,,,,,Android 14,12 ГБ,256 ГБ,"6,82""",5 000 мА·ч,
https://www.joom.ru/ru/products/66b2d58e163a530195fd1c64,"VIVO Игровой смартфон IQOO 12 PRO 5G с 6,78-дюймовым дисплее… Ещё",90 450 ₽,,,,,Android 14,16 ГБ,256 ГБ,"6,78""",5 100 мА·ч,
https://www.joom.ru/ru/products/66b32a36e3131401ce5acece,Версия CN Xiaomi 14 Pro 5G Смартфон Snapdragon 8 Gen 3 Octa Core 6.7… Ещё,72 238 ₽,,,,,Android 14,12 ГБ,256 ГБ,"6,73""",4 880 мА·ч,
https://www.joom.ru/ru/products/66b1e6939d659d0148380e66,VIVO Смартфон X100S Pro 5G с диагональю 9300+,73 250 ₽,,,,,Android 14,12 ГБ,256 ГБ,"6,78""",5 400 мА·ч,
https://www.joom.ru/ru/products/66b2de52e3131401ce565a04,"OPPO Найти X7 5G Мобильный телефон Размер 9300 6,78 дюйма",60 704 ₽,,,,,Android 14,12 ГБ,256 ГБ,"6,78""",5 000 мА·ч,
https://www.joom.ru/ru/products/66b32800163a53019502c1f8,Версия CN Xiaomi 14 5G Смартфон Snapdragon 8 Gen 3 4nm Octa Core … Ещё,61 716 ₽,,,,,Android 14,8 ГБ,256 ГБ,"6,36""",4 610 мА·ч,
https://www.joom.ru/ru/products/66b1f4169d659d0148386388,VIVO X100S 5G Смартфон 6.78 дюймов Dimensity 9300+,61 441 ₽,,,,,Android 14,12 ГБ,256 ГБ,"6,78""",5 100 мА·ч,
https://www.joom.ru/ru/products/644012e2115f3b01eef553bd,Глобальное ПЗУ Motorola MOTO X40 5G Мобильный телефон… Ещё,59 946 ₽,,,,,Android 13,12 ГБ,256 ГБ,"6,7""",4 600 мА·ч,50 мегапикселей
https://www.joom.ru/ru/products/66b2d231e3131401ce55761a,"VIVO Игровой смартфон IQOO 12 5G 6,78 дюйма Snapdragon 8 Gen 3",59 692 ₽,,,,,Android 14,12 ГБ,256 ГБ,"6,78""",5 000 мА·ч,
https://www.joom.ru/ru/products/66b31d30e3131401ce59ac04,"OPPO Смартфон Reno 12 Pro 5G Dimensity 9200+ 4 нм Octa Core 6,7 дюй… Ещё",59 085 ₽,,,,,Android 14,12 ГБ,256 ГБ,"6,7""",5 000 мА·ч,
https://www.joom.ru/ru/products/664f0d9c471f6401e62c0175,"8849 Tank 3 Pro от Unihertz с проектором 100 люмен, 120 Гц, 32… Ещё",64 286 ₽,,"3,9",,8,Android 13,18 ГБ,512 ГБ,"6,79""",23 800 мА·ч,
https://www.joom.ru/ru/products/63982cd5c7d205012574864e,Глобальное ПЗУ Motorola Moto X30 Pro Motoroala Edge 30 Ultra 5G 12 Г… Ещё,54 229 ₽,,5,,1,Android 12,12 ГБ,256 ГБ,"6,7""",4 610 мА·ч,200 мегапикселей
https://www.joom.ru/ru/products/66a314679abc7001f81d602c,8849 Tank 3S Unihertz Защищенный смартфон с проектором 5G 12/16… Ещё,53 851 ₽,,,,,Android 14.0,16 ГБ,512 ГБ,"6,79""",15 600 мА·ч,
https://www.joom.ru/ru/products/6696959d9fb58b01a0abc6ca,Realme GT 6 5G Snapdragon 8s Gen 3 Процессор 5500 мАч… Ещё,49 542 ₽,,,,,Android 14,12 ГБ,256 ГБ,"6,78""",5 500 мА·ч,
https://www.joom.ru/ru/products/63760294360a70010bc4588f,Китайское ПЗУ Motorola moto X30 Pro 5G MOTO Edge 30 Ultra Тройна… Ещё,54 229 ₽,,5,,1,Android 12,12 ГБ,256 ГБ,"6,7""",4 610 мА·ч,200 мегапикселей
https://www.joom.ru/ru/products/66b1d4b2be864e015acf4ca0,VIVO Смартфон IQOO Neo 9S Pro+Plus 5G,47 262 ₽,,,,,Android 14,12 ГБ,256 ГБ,"6,78""",5 500 мА·ч,
https://www.joom.ru/ru/products/667be52ef47ba001c2faa85d,"Blackview Смартфон BL9000 Pro, 5G, тепловизионный, 24 … Ещё",51 662 ₽,,5,,1,Android 14,24 ГБ,512 ГБ,"6,78""",8 800 мА·ч,
https://www.joom.ru/ru/products/66b3373a6076a0019cd85a1a,Версия CN Xiaomi Redmi k70 Pro Смартфон Snapdragon 8 Gen 3 … Ещё,45 638 ₽,,,,,Android 14,12 ГБ,256 ГБ,"6,67""",5 000 мА·ч,
https://www.joom.ru/ru/products/65eecb4b6f475c01cc8b7432,Защищенный смартфон 8849 Tank 3,50 018 ₽,,"4,8",,2,Android 13,16 ГБ,512 ГБ,"6,79""",23 800 мА·ч,
https://www.joom.ru/ru/products/66b33b49e3131401ce5d522f,"Версия CN Xiaomi Redmi K70 Ultra 5G Смартфон 6,67 дюйма Dimensit… Ещё",44 623 ₽,,,,,Android 14,12 ГБ,256 ГБ,"6,67""",5 500 мА·ч,
https://www.joom.ru/ru/products/66850bb1cb5f7901793c4b35,"VIVO Мобильный телефон IQOO Neo 9 5G с 6,78-дюймовым AM… Ещё",42 094 ₽,,,,,Android 14,12 ГБ,256 ГБ,"6,78""",5 160 мА·ч,
https://www.joom.ru/ru/products/66b1cd583c44e301598329a6,"VIVO Смартфон IQOO Neo 9s Pro 5G с 6,78-дюймовым AMOLED… Ещё",44 216 ₽,,,,,Android 14,12 ГБ,256 ГБ,"6,78""",5 160 мА·ч,
https://www.joom.ru/ru/products/6645ba430ea53a01d57b4c21,Ulefone Прочный водонепроницаемый смартфон Armor 26 … Ещё,45 149 ₽,,,,,Android 13,24 ГБ,512 ГБ,"6,78""",15 600 мА·ч,
https://www.joom.ru/ru/products/66262d0a80191a011de0c0fb,"Ulefone Смартфон Power Armor 18T Ultra 5G, 512 ГБ ПЗУ, прочный телеф… Ещё",44 249 ₽,,,,,Android 13,12 ГБ,512 ГБ,"6,58""",9 600 мА·ч,
https://www.joom.ru/ru/products/6622482c98225601817b3fb2,"Ulefone Прочный телефон Armor 23 Ultra 5G, спутниковое соо… Ещё",37 062 ₽,,5,,1,Android 13,24 ГБ,512 ГБ,"6,78""",5 280 мА·ч,
https://www.joom.ru/ru/products/6696a37f9fb58b01a0abe559,"Realme Смартфон GT 6T 5G 6,78 дюйма, 120 Гц, OLED-дисплей, 6000 … Ещё",39 424 ₽,,,,,Android 14,8 ГБ,256 ГБ,"6,78""",5 500 мА·ч,
https://www.joom.ru/ru/products/6673f3f0c6ba6401eb793b23,"Ulefone Прочный телефон Armor 25T Pro с тепловидением, Andr… Ещё",39 809 ₽,,,,,Android 14,12 ГБ,256 ГБ,"6,78""",6 500 мА·ч,
https://www.joom.ru/ru/products/66a30d63306fc701303a6cce,"8849 Tank 2 PRO прочный смартфон с проектором 6,79-дюймовый дисп… Ещё",41 971 ₽,,,,,Android 14,16 ГБ,256 ГБ,"6,79""",23 800 мА·ч,
https://www.joom.ru/ru/products/66b3343de3131401ce5cb20d,Версия CN Xiaomi Redmi k70 Смартфон Snapdragon 8 Gen 2 … Ещё,36 501 ₽,,,,,Android 14,12 ГБ,256 ГБ,"6,67""",5 000 мА·ч,
https://www.joom.ru/ru/products/65b0d58fb557c1018c4ef6ef,Защищённый смартфон Blackview BL9000 5G,38 965 ₽,,5,,5,Android 13,12 ГБ,512 ГБ,"6,78""",8 800 мА·ч,
https://www.joom.ru/ru/products/66543def8e88c801c574381d,"Blackview Смартфон HERO 10, 6,9-дюймовый складной AMOLED-д… Ещё",39 324 ₽,,,,,Android 13,36 ГБ,256 ГБ,"6,9""",4 000 мА·ч,
https://www.joom.ru/ru/products/634cc07815f64a011e95515d,"Китайский ПЗУ, игровой смартфон Lenovo Legion Y70, 6,67 дюйма, 144 … Ещё",32 643 ₽,,"4,7",,2,Android 12,8 ГБ,128 ГБ,"6,67""",5 100 мА·ч,50 мегапикселей
https://www.joom.ru/ru/products/66aa0a99898a7901c8543da7,Глобальная прошивка Xiaomi Redmi Note 13 Pro Plus 5G Redmi Note13… Ещё,30 945 ₽,,,,,MIUI 14,12 ГБ / 16 ГБ,256 ГБ / 512 ГБ,"6,67""",5 000 мА·ч,
https://www.joom.ru/ru/products/66b1dbfc9d659d0148376b33,"VIVO Смартфон IQOO Z9 Turbo 5G 6,78 дюйма Snapdragon 8s Gen 3",32 440 ₽,,,,,Android 13,12 ГБ,256 ГБ,"6,78""",6 000 мА·ч,
https://www.joom.ru/ru/products/6622337af02d5901f4a63482,Ulefone Водонепроницаемый смартфон Power Arm… Ещё,34 108 ₽,,,,,Android 13,24 ГБ,512 ГБ,"6,58""",9 600 мА·ч,
https://www.joom.ru/ru/products/66cc51ba66164f016144b8da,"Версия CN Xiaomi Redmi Note 13 Pro+ plus 5G Смартфон 6,67 дюйм… Ещё",29 395 ₽,,,,,Android 13,12 ГБ,256 ГБ,"6,67""",5 000 мА·ч,
https://www.joom.ru/ru/products/6698cadf4d3cb70181052791,"Ulefone Прочный тепловизионный телефон Armor 25T, 4G, Andro… Ещё",30 674 ₽,,,,,Android 14,12 ГБ,256 ГБ,"6,78""",6 500 мА·ч,
https://www.joom.ru/ru/products/66223e8ef02d5901f4a67ff3,Глобальная прошивка Redmi Note 13 Pro Redmi Note13 Pro 5G Смарт… Ещё,22 205 ₽,,"4,9",,8,Android 13,8 ГБ / 12 ГБ / 16 ГБ,128 ГБ / 256 ГБ / 512 ГБ,"6,67""",5 100 мА·ч,
https://www.joom.ru/ru/products/66d985bad769880172945bdc,"HOTWAV Смартфоны Hyper 7 Pro 5G200MP Android14 6.6""FHD+1… Ещё",30 590 ₽,,,,,Android 14,36 ГБ,256 ГБ,"6,6""",10 800 мА·ч,
https://www.joom.ru/ru/products/62f4df8418d24e01b8bc8b60,Смартфон Ulefone Armor 9,29 504 ₽,,,,,Android 10,8 ГБ,128 ГБ,"6,3""",6 600 мА·ч,64 мегапикселя
https://www.joom.ru/ru/products/66c84f331dbd2b014e9c2f03,Версия CN Xiaomi Redmi Turbo 3 5G Смартфон 120 Гц 1.5K Экран Snapdr… Ещё,27 363 ₽,,,,,Android 14,8 ГБ,256 ГБ,"6,67""",5 000 мА·ч,
https://www.joom.ru/ru/products/66b33d03163a530195045ceb,Версия CN Xiaomi Redmi k70E Смартфон Dimensity 8300-Ultra Octa Core … Ещё,28 380 ₽,,,,,Android 12,12 ГБ,256 ГБ,"6,67""",5 500 мА·ч,
https://www.joom.ru/ru/products/65f2c0d4fead18015090f269,Защищенный смартфон 8849 By Unihertz Tank,27 790 ₽,,5,,4,Android 12,12 ГБ,256 ГБ,"6,81""",22 000 мА·ч,
https://www.joom.ru/ru/products/65ab5eb7599dce013fb42f11,"Ulefone Прочный телефон Armor 24, 22000 мАч, 24 ГБ + 256 ГБ, … Ещё",27 667 ₽,,"4,8",,5,Android 13,24 ГБ,256 ГБ,"6,78""",22 000 мА·ч,
https://www.joom.ru/ru/products/6391962cb8ed0601128655d5,"Ulefone Прочный мобильный телефон Armor 10 5G, Android … Ещё",27 529 ₽,,,,,Android 10,8 ГБ,128 ГБ,"6,67""",5 800 мА·ч,
https://www.joom.ru/ru/products/66cc55f166164f016144d27e,"Версия CN Xiaomi Redmi Note 13 Pro 5G Смартфон 6,67 дюйма 120 Гц Sn… Ещё",21 273 ₽,,,,,Android 13,8 ГБ,128 ГБ,"6,67""",5 100 мА·ч,
https://www.joom.ru/ru/products/630ede5a702239019269f68b,"Смартфон Ulefone Power Armor 13, NFC, глобальная версия",26 218 ₽,,"3,5",,2,Android 12,8 ГБ,256 ГБ,"6,81""",13 200 мА·ч,48 мегапикселей
https://www.joom.ru/ru/products/66b1d7b3fabf40017fdaa377,"VIVO Смартфон IQOO Z9 5G 6,78 дюйма Snapdragon 7 Gen 3",23 913 ₽,,,,,Android 13,8 ГБ,128 ГБ,"6,78""",6 000 мА·ч,
https://www.joom.ru/ru/products/663c928b07f63d015fb0b26e,Unihertz TITAN SLIM 6 ГБ 256 ГБ Android-смартфон Qwerty-клавиатура с … Ещё,25 650 ₽,,,,,Android 11,6 ГБ,256 ГБ,"4,2""",4 100 мА·ч,
https://www.joom.ru/ru/products/66ce92ff66926c013caf643c,HOTWAV Cyber 15 Rugged Smartphone Global Version Android 6.6'' … Ещё,25 228 ₽,,,,,Android 13,24 ГБ,256 ГБ,"6,6""",6 280 мА·ч,
https://www.joom.ru/ru/products/66444c3b20529b0198d610cb,Защищённый смартфон Blackview BV8100,23 966 ₽,,,,1,Android 14,24 ГБ,256 ГБ,"6,5""",8 800 мА·ч,
https://www.joom.ru/ru/products/65eeadce6f475c01cc8a01f3,Защищенный смартфон 8849 Tank Mini,24 455 ₽,,5,,3,Android 13,12 ГБ,256 ГБ,"4,3""",5 800 мА·ч,
https://www.joom.ru/ru/products/667be52ff47ba001c2faa897,"Oscal Прочный смартфон PILOT 2 Helio G99, мобильный телефон … Ещё",23 913 ₽,,,,,Android 14,24 ГБ,256 ГБ,"6,5""",8 800 мА·ч,
https://www.joom.ru/ru/products/64fb0e4bd06c8b018b18a36c,"Blackview Смартфон A200 Pro, 24 ГБ ОЗУ, 256 ГБ ПЗУ, изогнутый экра… Ещё",23 509 ₽,,"4,8",,34,Android 13,24 ГБ,256 ГБ,"6,67""",5 050 мА·ч,108 мегапикселей
https://www.joom.ru/ru/products/66c300c53a3c7d017c5703e9,HOTWAV Смартфон W11 Rugged 6.6'' FHD+ 24MP Night Vision 20800m… Ещё,23 204 ₽,,,,,Android 13,12 ГБ,256 ГБ,"6,6""",20 800 мА·ч,
https://www.joom.ru/ru/products/64a28f864aafdd0137bd035c,"Ulefone Прочный телефон Armor 21, 16 ГБ ОЗУ, 256 ГБ ПЗУ, сма… Ещё",22 808 ₽,,"4,5",,17,Android 13,16 ГБ,256 ГБ,"6,58""",9 600 мА·ч,64 мегапикселя
https://www.joom.ru/ru/products/640ad999dd924701fd92fc10,Глобальная прошивка Xiaomi Redmi Note 12 Pro 5G Redmi Note12 Pro … Ещё,21 791 ₽,,,,,Android 12,6 ГБ / 8 ГБ,128 ГБ / 256 ГБ,"6,67""",5 000 мА·ч,50 мегапикселей
https://www.joom.ru/ru/products/66b1ef2d2e3d6c0149e4e681,"Cubot KINGKONG X, защищенный смартфон 5G, MTK Dimensity 70… Ещё",22 675 ₽,,5,,1,Android 14,16 ГБ,256 ГБ / 512 ГБ,"6,58""",10 200 мА·ч,
https://www.joom.ru/ru/products/6603f90b099b4b012d483664,Защищённый смартфон Oukitel WP21,22 597 ₽,,,,,Android 12.0,12 ГБ,256 ГБ,"6,78""",9 800 мА·ч,
https://www.joom.ru/ru/products/647f167e282208011302564a,Смартфон Cubot KingKong 9,22 368 ₽,,"4,7",,125,Android 13,12 ГБ,256 ГБ,"6,58""",10 600 мА·ч,
https://www.joom.ru/ru/products/657418e524240801f6622527,Blackview Смартфон BV8900 Pro 8 ГБ+256 ГБ Android 13,22 225 ₽,,,,,Android 13,8 ГБ,256 ГБ,"6,56""",10 000 мА·ч,
https://www.joom.ru/ru/products/66b1d33bbe864e015acf2160,"Cubot Смартфон MAX 5 Android 14 5G, процессор MediaTek Dimensity 8… Ещё",22 195 ₽,,,,,Android 14,12 ГБ,256 ГБ,"6,95""",5 100 мА·ч,
https://www.joom.ru/ru/products/66e2b5f1efa53001de25bf62,"UMIDIGI Смартфон G9C 6,75 дюйма Android 14 NFC 90 Гц 6G 128G 50… Ещё",21 849 ₽,,,,,Android 14,6 ГБ,128 ГБ,"6,75""",5 000 мА·ч,
https://www.joom.ru/ru/products/66e2b32f74de470165ce1944,"UMIDIGI Смартфон G9T 6,75 дюйма 90 Гц Android 14 сотовый телефон … Ещё",21 849 ₽,,,,,Android 14,4 ГБ,128 ГБ,"6,75""",5 000 мА·ч,
https://www.joom.ru/ru/products/66e159a286319601c385b4da,"UMIDIGI Смартфон G9A Android 14 Сотовый телефон 6,75” 5000 м… Ещё",21 849 ₽,,,,,Android 14,4 ГБ,64 ГБ,"6,75""",5 000 мА·ч,
https://www.joom.ru/ru/products/66023fc670c74601e7bb3e7d,Смартфон Cubot Hafury Meet,21 609 ₽,,5,,6,Android 13,12 ГБ,256 ГБ,"6,67""",5 100 мА·ч,16 мегапикселей
https://www.joom.ru/ru/products/6627760f9d1b4701551efef8,"Ulefone Броня 22 Андроид 13,16Гб (8+8 ГБ ОЗУ ),256 ГБ ПЗУ, 660… Ещё",21 600 ₽,,,,,Android 13,16 ГБ,256 ГБ,"6,58""",6 600 мА·ч,
https://www.joom.ru/ru/products/65fd598d2d4c3901e1bd0f3b,Xiaomi Redmi Note 13 5G Redmi Note13 5G Смартфон Dimensity … Ещё,16 704 ₽,,"4,5",,2,Android 13,6 ГБ / 8 ГБ / 12 ГБ,128 ГБ / 256 ГБ,"6,67""",5 000 мА·ч,
https://www.joom.ru/ru/products/66d197e60d0edd01b2c1cb09,HOTWAV Cyber 13 Pro Rugged Smartphones Global Version 150LM … Ещё,20 876 ₽,,,,,Android 13,20 ГБ,256 ГБ,"6,6""",10 800 мА·ч,
https://www.joom.ru/ru/products/63bd29abeec251015396ba66,"Blackview Защищенный смартфон BV9200, мобильный телефон,… Ещё",21 009 ₽,,"4,8",,13,Android 12,8 ГБ,256 ГБ,"6,6""",5 000 мА·ч,
https://www.joom.ru/ru/products/649cf9ab31a65f01d7f5a653,Глобальное ПЗУ мобильного телефона Motorola Moto G51 5G,20 531 ₽,,,,,Android 11,8 ГБ,12 ГБ,"6,8""",5 000 мА·ч,50 мегапикселей
https://www.joom.ru/ru/products/6615004247d17c01b6c7e87f,"Unihertz Смартфон Jelly Star, 4G, Android 13, глобальная версия, 8… Ещё",20 397 ₽,,,,,Android 13,8 ГБ,256 ГБ,"3""",2 000 мА·ч,
https://www.joom.ru/ru/products/66014cde0ef56f01e3f0e194,"Oukitel Прочный смартфон WP27, 12 ГБ ОЗУ + 256 ГБ ПЗУ, ак… Ещё",20 394 ₽,,5,,3,Android 13,12 ГБ,256 ГБ,"6,8""",8 500 мА·ч,
https://www.joom.ru/ru/products/66b1e1c8be864e015ad01faa,"VIVO Смартфон IQOO Z9x 5G 6,72 дюйма Snapdragon 6 Gen 1",18 227 ₽,,,,,Android 10,8 ГБ,128 ГБ,"6,72""",6 000 мА·ч,
https://www.joom.ru/ru/products/659d07607d9b3f01e4011433,"Мини-защищенный смартфон SOYES S10 Max, 3,5-дюймовый вось… Ещё",17 858 ₽,,,,,Android 11,6 ГБ / 8 ГБ,128 ГБ / 256 ГБ,"3,5""",2 400 мА·ч,
https://www.joom.ru/ru/products/667a7bc50d73fe0139f3e06a,"Cubot X90, смартфон Android 14, изогнутый AMOLED-дисплей 6,6… Ещё",19 689 ₽,,5,,1,Android 14,16 ГБ,256 ГБ,"6,67""",5 100 мА·ч,
https://www.joom.ru/ru/products/62f60db3b7854b01081f97f1,"Смартфон Ulefone Power Armor 14 Pro, NFC, глобальная версия",19 476 ₽,,5,,6,Android 12,8 ГБ,128 ГБ,"6,52""",10 000 мА·ч,20 мегапикселей
https://www.joom.ru/ru/products/6530e106552aa9012e628d8f,UMIDIGI BISON GT2 5G/PRO 5G IP68 IP69K Android 12 Прочный … Ещё,19 160 ₽,,"4,7",,2,Android 12,8 ГБ,128 ГБ,"6,5""",6 150 мА·ч,
https://www.joom.ru/ru/products/65f273befead1801508d6978,Смартфон Qin 3 Ultra,18 731 ₽,,5,,1,Android 12,8 ГБ,256 ГБ,"5,02""",2 500 мА·ч,
https://www.joom.ru/ru/products/6676a446c67e8f014527dc63,Глобальная прошивка Redmi 12 5G Redmi12 5G Смартфон eSports Иг… Ещё,16 386 ₽,,,,,Android 13,8 ГБ,128 ГБ / 256 ГБ,"6,79""",5 000 мА·ч,
https://www.joom.ru/ru/products/6620fbbe714b83017c069f9f,Ulefone Power Armor 16S Прочный водонепроницаемы… Ещё,18 619 ₽,,"4,7",,1,Android 13,8 ГБ,128 ГБ,"5,93""",9 600 мА·ч,
https://www.joom.ru/ru/products/66263e33f7b4dd01dac36a40,"Ulefone Прочный телефон Armor 22, 16 ГБ (8ГБ+8ГБ) Оперативн… Ещё",18 550 ₽,,,,,Android 13,16 ГБ,128 ГБ,"6,58""",6 600 мА·ч,
https://www.joom.ru/ru/products/652a11d3d44e3501019492fd,Cмартфон Blackview A96,18 515 ₽,,"4,9",,8,Android 13,12 ГБ,256 ГБ,"6,5""",4 380 мА·ч,48 мегапикселей
https://www.joom.ru/ru/products/65f413034a87af01b3ca82e1,Глобальная прошивка Xiaomi Redmi Note 13 5G Redmi Note13 5G Сма… Ещё,16 727 ₽,,1,,1,Android 13,6 ГБ / 8 ГБ / 12 ГБ,128 ГБ / 256 ГБ,"6,67""",5 000 мА·ч,
https://www.joom.ru/ru/products/6613a6a0da8b9e0136d19d0e,"Unihertz Карманный мини-телефон Jelly 2, восьмиядерный Andr… Ещё",18 345 ₽,,,,,Android 11,6 ГБ,128 ГБ,"3""",2 000 мА·ч,
https://www.joom.ru/ru/products/6290b8160cb5390193fbfed2,Смартфон Xiaomi Redmi Note 11 5G,14 478 ₽,,"4,6",,68,Android 11,4 ГБ / 6 ГБ / 8 ГБ,128 ГБ / 256 ГБ,"6,6""",5 000 мА·ч,50 мегапикселей
https://www.joom.ru/ru/products/63c5139527b9db017ddfc6cf,Xiaomi Redmi Note 11 5G Redmi Note11 5G Смартфон Global RO… Ещё,14 508 ₽,,5,,1,Android 11,4 ГБ / 6 ГБ / 8 ГБ,128 ГБ / 256 ГБ,"6,6""",5 000 мА·ч,50 мегапикселей
https://www.joom.ru/ru/products/664715a617a4910146e30291,"Ulefone Смартфон Note 18 Ultra 5G, 12 ГБ ОЗУ(6+6) Телефон A… Ещё",17 074 ₽,,,,,Android 13,12 ГБ,256 ГБ,"6,78""",5 450 мА·ч,
https://www.joom.ru/ru/products/661e495cc408bf01b80e9b02,"UMIDIGI Смартфон F3 5G, Android 12, NFC, 8 ГБ + 128 ГБ, глобальная ве… Ещё",17 064 ₽,,,,,Android 12,8 ГБ,128 ГБ,"6,7""",5 150 мА·ч,
https://www.joom.ru/ru/products/66cd76a6c64ac201cf93b0d9,"Версия CN Xiaomi Redmi Note 13 5G смартфон 6,67 дюймов OLED диспл… Ещё",16 197 ₽,,,,,Android 13,6 ГБ,128 ГБ,"6,67""",5 000 мА·ч,
https://www.joom.ru/ru/products/66b430197ed41e010b0786b5,"Cubot KINGKONG ACE 3, защищенный смартфон Android 14, Helio G88… Ещё",16 903 ₽,,5,,1,Android 14,8 ГБ,256 ГБ,"6,58""",5 100 мА·ч,
https://www.joom.ru/ru/products/647f1bb6666ba701ad945eb9,Смартфон Cubot X70,16 116 ₽,,"4,7",,34,Android 13,24 ГБ,256 ГБ,"6,58""",5 200 мА·ч,100 мегапикселей
https://www.joom.ru/ru/products/640ad25b13eca801f943647a,Глобальная прошивка Xiaomi Redmi Note 12 5G Redmi Note12 5G Сма… Ещё,14 808 ₽,,,,1,Android 12,6 ГБ / 8 ГБ,128 ГБ / 256 ГБ,"6,67""",5 000 мА·ч,48 мегапикселей
https://www.joom.ru/ru/products/66cda4b66257000104f0d743,"HOTWAV T7 Pro Защищенный смартфон Android 13 6,6'' FHD+… Ещё",14 825 ₽,,,,,Android 13,12 ГБ,256 ГБ,"6,6""",6 280 мА·ч,
https://www.joom.ru/ru/products/645c96b7c5e79901ec39b47a,"Cubot KingKong Power, водонепроницаемый прочный смартфон, … Ещё",15 647 ₽,,"4,7",,52,Android 13,8 ГБ,256 ГБ,"6,5""",10 600 мА·ч,48 мегапикселей
https://www.joom.ru/ru/products/66da76778f8f3a01804d4cd0,"Оригинальный смартфон HOTWAV Note 13 Pro на Android 13 с 6,6-дюй… Ещё",15 337 ₽,,,,,Android 13,16 ГБ,256 ГБ,"6,6""",5 160 мА·ч,
https://www.joom.ru/ru/products/6602358f1edc50012c0a7692,Смартфон Cubot Hafury V1,15 460 ₽,,5,,7,Android 13,8 ГБ,256 ГБ,"6,58""",4 350 мА·ч,
https://www.joom.ru/ru/products/65f551cd9883a8011669260c,Глобальная прошивка Redmi Note 12R Redmi Note12R Смартфон 5… Ещё,13 503 ₽,,,,,Android 13,4 ГБ / 6 ГБ / 8 ГБ,128 ГБ / 256 ГБ,"6,79""",5 000 мА·ч,
https://www.joom.ru/ru/products/65f2bb0d2a9ad80159d9de21,"UMIDIGI Смартфон F3 PRO 5G, размер 700, Android 13, экран 6,6 … Ещё",15 301 ₽,,5,,1,Android 13,6 ГБ,128 ГБ,"6,6""",6 150 мА·ч,
https://www.joom.ru/ru/products/62d120880fd39701eead5a4c,Смартфон Xiaomi Redmi Note 9 5G,14 235 ₽,,"4,8",,24,Android 10,6 ГБ / 8 ГБ,128 ГБ / 256 ГБ,"6,53""",5 000 мА·ч,48 мегапикселей
https://www.joom.ru/ru/products/65607f8edbfb45017448d744,Смартфон Oscal TIGER 12,14 869 ₽,,"4,7",,25,Android 13,12 ГБ,256 ГБ,"6,78""",5 000 мА·ч,64 мегапикселя
https://www.joom.ru/ru/products/66d181a2da677301d776e8ae,HOTWAV T7 прочный смартфон Android 13 восьмиядерный про… Ещё,14 199 ₽,,,,,Android 13,8 ГБ,128 ГБ,"6,52""",6 280 мА·ч,
https://www.joom.ru/ru/products/654f2e7b85d9af01d4669421,Смартфон Blackview SHARK 8,14 203 ₽,,"4,7",,47,Android 13,8 ГБ,256 ГБ,"6,78""",5 000 мА·ч,
https://www.joom.ru/ru/products/64d4c7af9acc0301ac14e9b2,"Ulefone Смартфон Note 16 Pro, 512 ГБ ПЗУ/128 ГБ ПЗУ/256 ГБ ПЗУ, Andr… Ещё",12 135 ₽,,"3,7",,3,Android 13,8 ГБ,512 ГБ,"6,52""",4 400 мА·ч,
https://www.joom.ru/ru/products/661fa0ac34d48a01e2852f49,Защищённый смартфон Blackview N6000SE,13 613 ₽,,,,1,Android 13,4 ГБ,128 ГБ,"4,3""",3 700 мА·ч,
https://www.joom.ru/ru/products/63536cc102d559018f66c6d3,Xiaomi Redmi 10A Redmi10A Смартфон 5000 мАч Большая батаре… Ещё,9 478 ₽,,5,,3,Android 11,4 ГБ / 6 ГБ,64 ГБ / 128 ГБ,"6,53""",5 000 мА·ч,13 мегапикселей
https://www.joom.ru/ru/products/60c9fca52b6228015a173e6d,Смартфон Blackview A100,13 265 ₽,,"4,7",,13,Android 11,6 ГБ,128 ГБ,"6,67""",4 680 мА·ч,12 мегапикселей
https://www.joom.ru/ru/products/65f2ac462a9ad80159d906cb,"UMIDIGI Смартфон A15 NFC, 8 ГБ, 256 ГБ, 64 МП, Unisoc T616, Android … Ещё",12 966 ₽,,"4,3",,3,Android 13,8 ГБ,256 ГБ,"6,7""",5 000 мА·ч,
https://www.joom.ru/ru/products/655ec41076766d0124816ee9,Защищенный смартфон Cubot Kingkong 8,12 933 ₽,,"4,7",,330,Android 13,12 ГБ,256 ГБ,"6,53""",10 600 мА·ч,
https://www.joom.ru/ru/products/6622307f3581bf012ee67707,Глобальная прошивка Redmi 13C 5G Redmi13C 5G Смартфон MediaT… Ещё,12 893 ₽,,,,,Android 13,4 ГБ / 6 ГБ / 8 ГБ,128 ГБ / 256 ГБ,"6,74""",5 000 мА·ч,
https://www.joom.ru/ru/products/65e1939bcbfaa501ed9ff14b,Xiaomi Redmi 12C Redmi12C Смартфон Helio G85 Octa Core 50MP … Ещё,9 452 ₽,,2,,1,Android 12,4 ГБ / 6 ГБ,64 ГБ / 128 ГБ,"6,71""",5 000 мА·ч,50 мегапикселей
https://www.joom.ru/ru/products/64463a5e35d1d101576830e6,Глобальная прошивка Xiaomi Redmi 12C Redmi12C Смартфон … Ещё,9 452 ₽,,,,,Android 12,4 ГБ / 6 ГБ,64 ГБ / 128 ГБ,"6,71""",5 000 мА·ч,50 мегапикселей
https://www.joom.ru/ru/products/6645bf000ea53a01d57b6fbd,"[Мировая премьера] Смартфон UMIDIGI G6 5G, Android 13, NFC, Dim… Ещё",12 730 ₽,,"4,7",,3,Android 13,6 ГБ,128 ГБ,"6,57""",5 000 мА·ч,
https://www.joom.ru/ru/products/6448a0b3865c130162f96c81,"Cubot P80, смартфон на базе Android 13, глобальная версия, 8… Ещё",12 457 ₽,,"4,6",,1 000,Android 13,8 ГБ,256 ГБ / 512 ГБ,"6,58""",5 200 мА·ч,48 мегапикселей
https://www.joom.ru/ru/products/66cec3332038560165db4b12,"Оригинальный смартфон HOTWAV Note 13 Android 13 6,6'' HD+ 90 Гц Ча… Ещё",10 657 ₽,,,,,Android 13,16 ГБ,256 ГБ,"6,6""",5 160 мА·ч,
https://www.joom.ru/ru/products/66ceb9a2ed2ab9010dd9a1f0,"HOTWAV Note 12 Note12 Смартфон Android 13 6,8'' 90 Гц 20 Вт быстрая з… Ещё",12 075 ₽,,,,,Android 13,8 ГБ,128 ГБ,"6,8""",6 180 мА·ч,
https://www.joom.ru/ru/products/64f70e1041e731015cc8b711,Защищенный смартфон Blackview BV6200,12 120 ₽,,"4,7",,26,Android 13,4 ГБ,64 ГБ,"6,56""",13 000 мА·ч,13 мегапикселей
https://www.joom.ru/ru/products/6486fbe441575801695a82dd,"Oscal Прочный смартфон S70 Pro, Android 12, водонепроницаемы… Ещё",12 028 ₽,,5,,1,Android 12,4 ГБ,64 ГБ,"6,1""",6 580 мА·ч,13 мегапикселей
https://www.joom.ru/ru/products/667d026b4994d901e7f574e8,"UMIDIGI Прочный смартфон BISON X20, NFC, 6 ГБ, 128 ГБ, MT… Ещё",11 943 ₽,,,,,Android 13,6 ГБ,128 ГБ,"6,53""",6 000 мА·ч,
https://www.joom.ru/ru/products/65f2b22cfead180150902e81,"UMIDIGI Смартфон A15C T606 NFC Android 13 6,7 дюйма FHD + экран … Ещё",11 863 ₽,,5,,1,Android 13,8 ГБ,128 ГБ,"6,7""",5 000 мА·ч,
https://www.joom.ru/ru/products/637f40a492870401aba7126f,"Blackview Смартфон A85, глобальная версия, 8 ГБ, 128 ГБ, 6,5 дюйма, ди… Ещё",11 784 ₽,,"4,8",,134,Android 12,8 ГБ,128 ГБ,"6,5""",4 480 мА·ч,50 мегапикселей
https://www.joom.ru/ru/products/64648e08c6ffcc01e703958e,"Blackview BV5300 Pro, водонепроницаемый прочный смартфон с… Ещё",11 703 ₽,,"4,5",,10,Android 12,4 ГБ,64 ГБ,"6,1""",6 580 мА·ч,13 мегапикселей
https://www.joom.ru/ru/products/64ddcba90d10de01ae308bf5,"UMIDIGI Прочный смартфон G5 Mecha, Android 13, 6,6 дюйм… Ещё",11 661 ₽,,"4,4",,19,Android 13,8 ГБ,128 ГБ,"6,6""",6 000 мА·ч,
https://www.joom.ru/ru/products/66a214934f6644013e171286,[Мировая премьера] UMIDIGI G9 5G смартфон Android 14 глобальна… Ещё,11 664 ₽,,5,,1,Android 14,6 ГБ,128 ГБ,"6,75""",5 000 мА·ч,
https://www.joom.ru/ru/products/65f41e39124bf70149c98556,"UMIDIGI Смартфон G5, Android 13, Unisoc T606, восьмиъядерный пр… Ещё",11 610 ₽,,,,,Android 13,8 ГБ,128 ГБ,"6,6""",5 000 мА·ч,
https://www.joom.ru/ru/products/6557487b0f238101a88a6fc6,"Soyes Супер мини-телефон XS12, 4G LTE, 3 ГБ, 64 ГБ, Android 9,0… Ещё",11 575 ₽,,,,,Android 9.0,3 ГБ,64 ГБ,"3""",1 250 мА·ч,
https://www.joom.ru/ru/products/6548b5a216b8d60174374377,"Маленький смартфон XS16 Pro, 4,0-дюймовый восьмиъядерный пр… Ещё",11 540 ₽,,"4,3",,7,Android 10.0,4 ГБ,128 ГБ,"4""",2 100 мА·ч,
https://www.joom.ru/ru/products/667be52df47ba001c2faa81c,"Oscal Смартфон TIGER 10, 8 ГБ + 256 ГБ, восьмиядерный про… Ещё",11 461 ₽,,1,,1,Android 13,8 ГБ,256 ГБ,"6,6""",5 180 мА·ч,
https://www.joom.ru/ru/products/625fc5e1c42eb101983776b6,Смартфон Xiaomi Redmi 10A,9 480 ₽,,"4,8",,61,Android 11,4 ГБ / 6 ГБ,64 ГБ / 128 ГБ,"6,53""",5 000 мА·ч,13 мегапикселей
https://www.joom.ru/ru/products/66e3eb1a522d12012c92b7ea,HOTWAV NOTE 15 смартфон android 14 5160mAh большойСо… Ещё,11 088 ₽,,,,,Android 14,8 ГБ,64 ГБ,"6,6""",5 160 мА·ч,
https://www.joom.ru/ru/products/66e4f69739cdda018d04a061,Cubot KingKong ES Ультратонкий защищенный Androi… Ещё,11 048 ₽,,,,,Android 14,6 ГБ,128 ГБ,"6,56""",5 100 мА·ч,
https://www.joom.ru/ru/products/6643373ebee65001f543d6a8,UMIDIGI Смартфон A15T Android 13 NFC Helio G95 8G+128G 64MP AI-ка… Ещё,10 906 ₽,,"4,5",,3,Android 13,8 ГБ,128 ГБ,"6,7""",5 000 мА·ч,
https://www.joom.ru/ru/products/64b9f4ec3e396e01cf9c2845,Смартфон Cubot NOTE 50,10 688 ₽,,"4,7",,102,Android 13,8 ГБ,256 ГБ,"6,56""",5 200 мА·ч,50 мегапикселей
https://www.joom.ru/ru/products/6555b4480dfc6201d46a98cb,"Soyes XS14 Pro 3,0-дюймовый 4G мини-смартфон Android 9,… Ещё",8 547 ₽,,5,,1,Android 9.0,2 ГБ / 3 ГБ,16 ГБ / 32 ГБ / 64 ГБ,"3""",2 600 мА·ч,
https://www.joom.ru/ru/products/65fbfac463b52b01ac8e749b,"Глобальная версия QIN 2 Pro, полноэкранный телефон, сеть 4G, Wi-… Ещё",10 508 ₽,,5,,2,Android 9,4 ГБ,64 ГБ,"5,05""",2 000 мА·ч,
https://www.joom.ru/ru/products/6564851cb0dbba01c5037531,Защищённый смартфон Blackview BV4800,10 310 ₽,,4,,6,Android 13,3 ГБ,64 ГБ,"6,56""",5 180 мА·ч,13 мегапикселей
https://www.joom.ru/ru/products/65b20716dabcf801bb922d1d,Смартфон Blackview COLOR 8,10 190 ₽,,"4,5",,9,Android 13,8 ГБ,256 ГБ,"6,75""",6 000 мА·ч,
https://www.joom.ru/ru/products/6549a1d9f7f36101e9c2be59,"Soyes Мини-смартфон XS12 Pro 4G, 3,0 дюйма, Android 10,0, Bluetoot… Ещё",8 286 ₽,,"4,3",,7,Android 10.0,4 ГБ,64 ГБ,"3""",2 000 мА·ч,
https://www.joom.ru/ru/products/65e199cbcbfaa501ed9ffbe2,Xiaomi Redmi 9A Смартфон Redmi 9A 9 A MTK Helio G25 Octa C… Ещё,9 193 ₽,,5,,1,Android 10,4 ГБ,64 ГБ,"6,53""",5 000 мА·ч,13 мегапикселей
https://www.joom.ru/ru/products/5f6b158620ce9901063c6d23,Смартфон Xiaomi Redmi 9A,9 194 ₽,,"4,7",,355,Android 10,4 ГБ / 6 ГБ,64 ГБ / 128 ГБ,"6,53""",5 000 мА·ч,13 мегапикселей
https://www.joom.ru/ru/products/61e122c81000e701a0b9bc56,Смартфон Figi Note 1,9 138 ₽,,"4,5",,13,Android 9,4 ГБ,64 ГБ,"6,6""",4 000 мА·ч,13 мегапикселей
https://www.joom.ru/ru/products/64feb7fff309fd017d12ba0a,Смартфон Cubot Note 21,8 939 ₽,,"4,7",,240,Android 13,12 ГБ,128 ГБ,"6,56""",5 200 мА·ч,50 мегапикселей
https://www.joom.ru/ru/products/6454b01f6da8a9014c703a0c,Смартфон Oscal C70,8 735 ₽,,"4,7",,415,Android 12,6 ГБ,128 ГБ,"6,6""",5 180 мА·ч,50 мегапикселей
https://www.joom.ru/ru/products/65b354c70dea14018f1a462c,Смартфон Oscal Modern 8,8 580 ₽,,"4,9",,18,Android 13,8 ГБ,256 ГБ,"6,75""",6 000 мА·ч,
https://www.joom.ru/ru/products/6555aef00dfc6201d46a830e,Soyes XS16 Mini 4G смартфон Dual SIM 3.0 дюймов Android 10.0… Ещё,7 524 ₽,,,,,Android 10,2 ГБ / 3 ГБ,16 ГБ / 32 ГБ,"3""",2 000 мА·ч,
https://www.joom.ru/ru/products/6539e323399259015a1a2351,"Blackview Новый смартфон A52 Pro, 4 ГБ, 128 ГБ, 6,5 дюйма, An… Ещё",8 420 ₽,,"4,9",,25,Android 13,4 ГБ,128 ГБ,"6,5""",5 180 мА·ч,13 мегапикселей
https://www.joom.ru/ru/products/667a899d7a5ace010ad802d5,"Cubot Android-смартфон A10, 4 ГБ ОЗУ + 128 ГБ ПЗУ, восьмиъядерны… Ещё",8 388 ₽,,"4,7",,3,Android 14,4 ГБ,128 ГБ,"6,56""",5 100 мА·ч,
https://www.joom.ru/ru/products/655b04be66c5320126bfb45f,"Cubot Смартфон Note 40, 12 ГБ ОЗУ (6 ГБ+6 ГБ расширенный) + 256… Ещё",9 977 ₽,,"4,6",,11,Android 13,12 ГБ,256 ГБ,"6,56""",5 200 мА·ч,50 мегапикселей
https://www.joom.ru/ru/products/663f42d7b834f30183d89661,"Soyes Мини-смартфон XS14 PRO 4G, 3,0-дюймовый четырехъ… Ещё",6 155 ₽,,5,,5,Android 9.0,3 ГБ,64 ГБ / 128 ГБ,"4""",2 600 мА·ч,
https://www.joom.ru/ru/products/659bb35aa72fe601caa9a42b,"Маленький смартфон XS15 PRO, 3,0 дюйма, Android 9,0, четырех… Ещё",6 560 ₽,,"4,3",,8,Android 9.0,2 ГБ,16 ГБ,"3""",2 000 мА·ч,
https://www.joom.ru/ru/products/66a753962705ba01420f5579,"Soyes XS18 PRO MAX 4,3-дюймовый экран 2 ГБ ОЗУ 16 ГБ ПЗУ Androi… Ещё",7 576 ₽,,,,,Android 8.1,2 ГБ,16 ГБ,"4,3""",2 750 мА·ч,
https://www.joom.ru/ru/products/66416ce4121a170166c0a4c2,"Soyes Маленький смартфон XS14 PRO 4G, 3,0 дюйма, Android 9… Ещё",6 574 ₽,,5,,1,Android 9.0,2 ГБ / 3 ГБ,16 ГБ / 32 ГБ,"4""",2 600 мА·ч,
https://www.joom.ru/ru/products/657418e524240801f6622517,Blackview Смартфон WAVE 6C 2 ГБ+32 ГБ Android 13,7 035 ₽,,"4,8",,28,Android 13,2 ГБ,32 ГБ,"6,5""",5 100 мА·ч,
https://www.joom.ru/ru/products/657fffc261b65b01c72a855e,Смартфон Oscal FLAT 1C,6 981 ₽,,"3,7",,4,Android 13,2 ГБ,32 ГБ,"6,51""",4 700 мА·ч,
https://www.joom.ru/ru/products/65d861536a3967010247e124,"Маленький смартфон M80 PRO, 3,0 дюйма, Android 9,0, четырех… Ещё",6 783 ₽,,5,,1,Android 9.0,2 ГБ,16 ГБ,"3""",2 000 мА·ч,
https://www.joom.ru/ru/products/66aa176d60646e01f66291b0,Soyes P70 Pro Max Mini Android смартфон 3.0 дюймов дисплей Дв… Ещё,6 011 ₽,,,,,Android 8.1,1 ГБ,16 ГБ,"3""",2 000 мА·ч,
https://www.joom.ru/ru/products/66aa15d950e2b901de7ed807,"Soyes F8 Pro Max 3.0"" HD дисплей небольшой смартфон Android 8.1… Ещё",6 011 ₽,,,,,Android 8.1,1 ГБ,16 ГБ,"3""",2 000 мА·ч,
https://www.joom.ru/ru/products/6549a5d9f7f36101e9c2c3cc,Soyes XS16 4G смартфон 3.0 дюйма Android 8.0 четырехъядерный 2… Ещё,4 645 ₽,,"4,2",,4,Android 6.0,3 ГБ,64 ГБ,"3""",2 000 мА·ч,
https://www.joom.ru/ru/products/66d836ddc65bb7010e46ca77,Soyes S24 PRO MAX Мини-телефон LTE 4G Смартфон MTK6737 … Ещё,5 629 ₽,,,,,Android 8.1,2 ГБ,16 ГБ,"3""",2 400 мА·ч,
https://www.joom.ru/ru/products/655370f833fcbb0102ae6d0c,"Суперминиатюрный смартфон, SOYES XS11 2.5"" MT6580A Quad C… Ещё",5 478 ₽,,,,,Android 6.0,2 ГБ,16 ГБ,"2,5""",1 000 мА·ч,
https://www.joom.ru/ru/products/6620e58166871b0147b83592,"Soyes Мини-смартфон S23 Pro 4G, 3,0-дюймовый, Android … Ещё",5 361 ₽,,4,,1,Android 9.0,2 ГБ,16 ГБ,"3""",1 950 мА·ч,
https://www.joom.ru/ru/products/65559f8cadfe6701fc2efb5a,"Soyes Мини-смартфон XS15, 3,0-дюймовый дисплей, 2 ГБ ОЗУ, 16… Ещё",4 982 ₽,,"4,2",,5,Android 8.1,2 ГБ,16 ГБ,"3""",1 000 мА·ч,
https://www.joom.ru/ru/products/6549e77a22f28501ff646421,"Soyes Мини-смартфоны S23 Pro, Android 8,1, 2 ГБ + 16 ГБ, две SIM-карт… Ещё",4 984 ₽,,"4,1",,9,Android 8.1,2 ГБ,16 ГБ,"3""",1 000 мА·ч,
https://www.joom.ru/ru/products/65853c17896c3801e00cf1b5,"Soyes Смартфон XS17 Pro, 3,0 дюйма, Android 9,0, две SIM-карты, 2 ГБ … Ещё",4 794 ₽,,"4,3",,5,Android 9.0,2 ГБ,16 ГБ,"3""",2 000 мА·ч,
https://www.joom.ru/ru/products/66472ef7e7a13101bc8a80e2,"Soyes Маленький смартфон 7S, 2,5-дюймовый Android 9… Ещё",4 749 ₽,,5,,3,Android 9.0,2 ГБ,16 ГБ,"2,5""",600 мА·ч,
https://www.joom.ru/ru/products/6645d01a0ea53a01d57c14f9,"Маленький смартфон S9 Pro, 3,0-дюймовый четырехъядерный п… Ещё",4 641 ₽,,,,,Android 8.1,2 ГБ,16 ГБ,"3""",950 мА·ч,
https://www.joom.ru/ru/products/6662d6f0253bc4012432482d,"Soyes Маленький смартфон XS13 Pro, 2,5 дюйма, Android 9,0, … Ещё",4 564 ₽,,,,,Android 9.0,2 ГБ,16 ГБ,"2,5""",1 000 мА·ч,
https://www.joom.ru/ru/products/669239b0a750cf0159bf3853,Soyes F8 Pro Max новый супер мини-телефон с картой WCDMA 3G Bl… Ещё,4 557 ₽,,,,,Android 8.1,1 ГБ,16 ГБ,"3""",2 000 мА·ч,
https://www.joom.ru/ru/products/6690f367d67510017218fd1e,"Soyes Мини-смартфон P70 Pro Max, 3,0-дюймовый HD-экран… Ещё",4 494 ₽,,,,,Android 8.1,1 ГБ,16 ГБ,"3""",2 000 мА·ч,
https://www.joom.ru/ru/products/6662d6ed0c5f3c015e31ab9e,"Soyes Маленький смартфон XS13, 2,5-дюймовый, две SIM-… Ещё",4 411 ₽,,,,,Android 9.0,2 ГБ,16 ГБ,"2,5""",1 000 мА·ч,
https://www.joom.ru/ru/products/6662d6eab5314701d032bcb7,"Soyes Маленький смартфон P40, 2,5-дюймовый Android 9… Ещё",4 369 ₽,,3,,1,Android 9.0,2 ГБ,16 ГБ,"2,5""",1 000 мА·ч,
https://www.joom.ru/ru/products/65714a519199d701c8ebea76,"Soyes Мини-смартфон Mi12, 2,5-дюймовый HD-дисплей, две SIM-ка… Ещё",4 361 ₽,,,,,Android 6.0,1 ГБ,8 ГБ,"2,5""",1 580 мА·ч,
https://www.joom.ru/ru/products/64dc4e39a2b33f015531881b,"Soyes XS13 Mini Android-смартфон 2,5-дюймовый HD-дисплей Две SIM… Ещё",4 358 ₽,,"4,5",,19,Android 6.0,1 ГБ,8 ГБ,"2,5""",1 580 мА·ч,
https://www.joom.ru/ru/products/65714a549199d701c8ebea87,"Soyes Смартфон P40 Mini Android, 2,5-дюймовый HD-дисплей, две SIM… Ещё",4 360 ₽,,,,,Android 6.0,1 ГБ,8 ГБ,"2,5""",1 580 мА·ч,
https://www.joom.ru/ru/products/65b773e5626782014243c9bb,Soyes XS20 Pro Mini смартфон 3.0 дюймов дисплей 2 ГБ ОЗУ 16 … Ещё,4 231 ₽,,,,,Android 8.1,2 ГБ,16 ГБ,"3""",1 000 мА·ч,
https://www.joom.ru/ru/products/66472ef8c059210135d15d93,"Soyes Мини-смартфон XS11, 2,5-дюймовый четырехъядерный п… Ещё",4 227 ₽,,,,,Android 8.1,2 ГБ,16 ГБ,"2,5""",1 000 мА·ч,
https://www.joom.ru/ru/products/662b23499585e601a020572e,,,,,,,,,,,,
https://www.joom.ru/ru/products/65e057387b6fad016a1217ab,"Soyes Маленький смартфон XS11, 2,5-дюймовый четырехъ… Ещё",4 194 ₽,,5,,1,Android 6.0,1 ГБ,8 ГБ,"2,5""",1 000 мА·ч,
https://www.joom.ru/ru/products/66a4c962a2eb7a01086e188c,"Soyes XS18 PRO 3,0-дюймовый Android-смартфон WCDMA 3… Ещё",4 000 ₽,,,,,Android 10,2 ГБ,16 ГБ,"3""",900 мА·ч,
https://www.joom.ru/ru/products/654af6ea37028601b2dd7417,"Soyes Мини-смартфон XS15, 3,0-дюймовый дисплей, Android 8,1, … Ещё",3 749 ₽,,"4,3",,97,Android 8.1,2 ГБ,16 ГБ,"3""",1 000 мА·ч,
https://www.joom.ru/ru/products/64dc7d9702f65c019d459690,"Новый маленький смартфон SOYES XS13 Pro 3G, 2,5 дюйма, Andro… Ещё",3 527 ₽,,"4,4",,7,Android 6.0,1 ГБ,8 ГБ,"2,5""",1 580 мА·ч,
https://www.joom.ru/ru/products/66472efa1fd33801ee7314f0,"Маленький смартфон S26, 3,0-дюймовый Android 8,1, две SIM-… Ещё",3 197 ₽,,4,,12,Android 8.1,2 ГБ,16 ГБ,"3""",1 000 мА·ч,
https://www.joom.ru/ru/products/659bb7ac7e9f8f01822f318b,"Soyes 7S небольшой смартфон 2,5 дюйма 1 ГБ ОЗУ 8 ГБ ПЗУ Androi… Ещё",3 100 ₽,,4,,4,Android 6.0,1 ГБ,8 ГБ,"2,5""",600 мА·ч,
https://www.joom.ru/ru/products/616f8c509e02070181e22ff8,Смартфон Cubot J10,3 080 ₽,,"4,1",,273,Android 11,1 ГБ,32 ГБ,"4""",2 350 мА·ч,5 мегапикселей
